Caen|14000|109400|-0.372|49.185
Hérouville-Saint-Clair|14200|23470|-0.332|49.204
Louvigny|14111|2612|-0.396|49.153
Saint-Germain-la-Blanche-Herbe|14280|2482|-0.423|49.196
Épron|14610|2093|-0.363|49.219
Ifs|14123|11937|-0.339|49.144
Mondeville|14120|10331|-0.310|49.171
Fleury-sur-Orne|14123|5941|-0.378|49.148
Cormelles-le-Royal|14123|5377|-0.326|49.156
Bretteville-sur-Odon|14760|4494|-0.421|49.173
Saint-Contest|14280|2465|-0.400|49.214
Authie|14280|1707|-0.431|49.207
Giberville|14730|5077|-0.286|49.176
Cambes-en-Plaine|14610|1830|-0.384|49.231
Saint-André-sur-Orne|14320|1664|-0.389|49.123
Colombelles|14460|7243|-0.292|49.200
Verson|14790|4059|-0.467|49.163
Carpiquet|14650|3428|-0.445|49.187
Fontaine-Étoupefour|14790|2810|-0.454|49.138
Saint-Martin-de-May|14320|4529|-0.359|49.108
Blainville-sur-Orne|14550|6106|-0.304|49.229
Démouville|14840|3035|-0.261|49.175
Mathieu|14920|2331|-0.364|49.255
Cuverville|14840|2267|-0.261|49.194
Soliers|14540|2260|-0.290|49.132
Biéville-Beuville|14112|3840|-0.338|49.242
Fontenay-le-Marmion|14320|2055|-0.344|49.088
Cairon|14610|2066|-0.439|49.232
Mouen|14790|1788|-0.487|49.148
Rots|14740|2544|-0.491|49.215
Saint-Manvieu-Norrey|14740|2160|-0.502|49.186
Ranville|14860|2074|-0.264|49.228
Cagny|14630|2066|-0.262|49.153
Bénouville|14970|1987|-0.290|49.242
Castine-en-Plaine|14540|1774|-0.305|49.109
Bourguébus|14540|2613|-0.291|49.117
Laize-Clinchamps|14320|2155|-0.396|49.081
Frénouville|14630|2050|-0.246|49.131
Thaon|14610|1894|-0.445|49.255
Colleville-Montgomery|14880|2586|-0.306|49.276
Hermanville-sur-Mer|14880|3323|-0.322|49.283
Bavent|14860|1885|-0.180|49.228
Bellengreville|14370|1598|-0.233|49.120
Douvres-la-Délivrande|14440|5143|-0.388|49.292
Thue et Mue|14210|6182|-0.540|49.196
Creully sur Seulles|14480|2261|-0.563|49.283
Évrecy|14210|2066|-0.505|49.095
Bretteville-sur-Laize|14680|1910|-0.324|49.048
Langrune-sur-Mer|14830|1916|-0.381|49.314
Lion-sur-Mer|14780|2486|-0.333|49.301
Ouistreham|14150|9212|-0.256|49.271
Luc-sur-Mer|14530|3275|-0.356|49.307
Moult-Chicheboville|14370|3441|-0.190|49.112
Argences|14370|3959|-0.158|49.135
Valambray|14190|1682|-0.191|49.086
Val d'Arry|14210|2496|-0.570|49.111
Merville-Franceville-Plage|14810|2231|-0.200|49.267
Saint-Aubin-sur-Mer|14750|2101|-0.391|49.322
Bernières-sur-Mer|14990|2437|-0.417|49.316
Courseulles-sur-Mer|14470|4268|-0.452|49.320
Tilly-sur-Seulles|14250|1800|-0.624|49.172
Mézidon Vallée d'Auge|14140|9766|-0.017|49.086
Thury-Harcourt-le-Hom|14220|3600|-0.522|48.987
Villers-Bocage|14310|3088|-0.649|49.078
Cabourg|14390|3725|-0.120|49.284
Le Castelet|14540|1850|-0.281|49.087
Dozulé|14430|2244|-0.047|49.230
Potigny|14420|2089|-0.246|48.971
Bayeux|14400|12659|-0.702|49.277
Aurseulles|14240|1896|-0.699|49.134
Saint-Vigor-le-Grand|14400|2443|-0.675|49.291
Houlgate|14510|1834|-0.067|49.297
Saint-Pierre-en-Auge|14140|7100|0.025|48.987
Les Monts d'Aunay|14260|4777|-0.654|48.991
Falaise|14700|7680|-0.192|48.899
Dives-sur-Mer|14160|5122|-0.089|49.282
Port-en-Bessin-Huppain|14520|1876|-0.773|49.339
Blonville-sur-Mer|14910|1621|0.032|49.323
Caumont-sur-Aure|14240|2431|-0.805|49.113
Livarot-Pays-d'Auge|14140|6207|0.223|49.001
Le Molay-Littry|14330|3124|-0.880|49.234
Touques|14800|3913|0.109|49.356
Deauville|14800|3539|0.075|49.354
Trouville-sur-Mer|14360|4619|0.103|49.373
Villers-sur-Mer|14640|2440|0.006|49.311
Lisieux|14100|19645|0.243|49.148
Saint-Désir|14100|1756|0.192|49.147
Pont-l'Évêque|14130|5145|0.183|49.291
Condé-en-Normandie|14110|5985|-0.578|48.885
Souleuvre en Bocage|14260|8629|-0.840|48.962
Valdallière|14350|5696|-0.717|48.862
Valorbiquet|14290|2439|0.334|49.061
Orbec|14290|1975|0.382|49.026
Noues de Sienne|14380|4207|-1.028|48.830
Honfleur|14600|6640|0.230|49.409
Vire Normandie|14500|17457|-0.870|48.820
La Rivière-Saint-Sauveur|14600|2527|0.264|49.409
Isigny-sur-Mer|14230|3543|-1.057|49.285
